청구이유,건수,비율(%)
계약해제.해지/위약금,30317,28.694606924489367
품질(물품/용역),23818,22.54339636928086
계약불이행(불완전이행),19196,18.168739470346605
청약철회,15255,14.438639332159692
부당행위,5166,4.889545118973252
AS불만,4790,4.533666496299241
표시.광고,1889,1.7879114846574669
가격.요금,1342,1.2701838075226684
안전(제품/시설),1311,1.2408427508660345
약관,1167,1.104548810267477
거래관행,584,0.552747647983039
단순문의.상담,295,0.27921328108732274
이자.수수료,182,0.17226039714539912
부당채권추심,157,0.14859825468037177
무능력자계약,112,0.10600639824332254
(결측),42,0.039752399341245956
법.제도,31,0.029341056656633918
