지역,건수,비율(%)
경기도,32486,30.747534404755143
서울특별시,29562,27.980010222045543
인천광역시,7215,6.828894315406894
부산광역시,5843,5.530315936926193
대구광역시,4088,3.869233535881273
경상남도,4071,3.8531432790050544
대전광역시,2937,2.7798284967914135
경상북도,2848,2.695591269615916
충청남도,2746,2.5990497283586045
광주광역시,2387,2.259261362560812
충청북도,2239,2.1191814791678496
전라북도,2069,1.9582789104056637
강원특별자치도,1938,1.8342892838889204
전라남도,1664,1.5749522024722205
울산광역시,1620,1.5333068317337726
제주도,969,0.9171446419444602
세종특별자치시,827,0.7827436727431047
해외 및 기타,115,0.10884585533912582
(미입력),29,0.02744808525943173
(결측),1,0.0009464856986010941
