물품소분류,건수,비율(%)
헬스장,6601,6.247752096465822
항공여객운송서비스,4244,4.0168853048630435
필라테스,2065,1.9544929676112595
양복(서양식 의복)세탁,1916,1.8134665985196963
인터넷교육서비스,1862,1.7623563707952372
국외여행,1782,1.6866375149071497
이동전화서비스,1598,1.5124841463645484
점퍼·재킷류,1571,1.486929032502319
기타숙박시설,1488,1.408370719518428
호텔,1486,1.4064777481212258
운동화,1367,1.2938459499876958
스마트폰,1242,1.175535237662559
포장이사운송서비스,1199,1.1348363526227119
기타의류·섬유,1136,1.0752077536108429
신유형상품권,1055,0.9985424120241544
인터넷정보이용서비스,998,0.9445927272038919
예식서비스,989,0.9360743559164821
캐주얼바지,971,0.9190376133416623
미용서비스,935,0.8849641281920231
정수기대여(렌트),921,0.8717133284116076
유사투자자문,897,0.8489976716451815
건강(암·기타질병)보험,847,0.8016733867151268
기타인테리어설비,830,0.7855831298389081
사진촬영,805,0.7619209873738808
소파,790,0.7477237018948644
피부·체형관리서비스,779,0.7373123592102523
각종공연관람,765,0.724061559429837
자동차대여(렌트),754,0.713650216745225
모바일정보이용서비스,747,0.7070248168550173
국내결혼중개,743,0.7032388740606129
기타미분류서비스,718,0.6795767315955855
보석·귀금속,690,0.653075132034755
실손보험,685,0.6483427035417495
티셔츠,684,0.6473962178431484
TV,680,0.643610275048744
숙녀화(구두·부츠 등),673,0.6369848751585363
초고속인터넷,646,0.6114297612963068
택배화물운송서비스,645,0.6104832755977058
기타사설강습서비스,640,0.6057508471047002
기타가방,629,0.5953395044200882
자동차수리·점검,610,0.5773562761466674
기타건강식품,567,0.5366573911068204
중형승용자동차,558,0.5281390198194106
레저시설이용,553,0.5234065913264051
건물청소서비스,532,0.5035303916557821
일반강습(입시학원등),528,0.4997444488613777
모바일게임서비스,527,0.4987979631627766
결혼준비대행서비스,525,0.49690499176557446
핸드백,524,0.4959585060669733
외식,524,0.4959585060669733
룸에어컨,523,0.4950120203683722
냉장고,521,0.49311904897117004
골프회원권,513,0.48554716338236126
원피스,505,0.4779752777935525
아파트,475,0.44958070683551976
신발세탁,466,0.4410623355481098
기타문화·오락시설이용,460,0.43538342135650326
기타신발·용품,450,0.4259185643704924
니트(스웨터),449,0.42497207867189124
침대,440,0.4164537073844814
헤드폰·이어폰,435,0.4117212788914759
기타세탁서비스,433,0.40982830749427374
펜션,430,0.40698885039847044
노트북컴퓨터,426,0.40320290760406613
기타매체광고,417,0.3946845363166563
피부과,403,0.3814337365362409
샌들·슬리퍼,396,0.37480833664603325
성형외과,393,0.37196887955023
기타가구,391,0.3700759081530278
콘도회원권,386,0.36534347966002234
전기진공청소기,385,0.3643969939614212
기타일반화장품,369,0.3492532227838038
치과,363,0.3435743085921972
종합체육시설회원권,354,0.33505593730478733
요가,346,0.32748405171597855
대형승용자동차,342,0.3236981089215742
스포츠웨어,330,0.31234028053836105
상조서비스,324,0.3066613663467545
코트,315,0.29814299505934466
학습지,315,0.29814299505934466
기타스포츠·레저기구·용품,314,0.29719650936074354
식탁,313,0.2962500236621425
기타미분류물품,309,0.29246408086773806
기타회원권,307,0.2905711094705359
애완견,305,0.2886781380733337
기타이·미용서비스,302,0.2858386809775304
미분류대여(렌트),297,0.281106252484525
인터넷게임서비스,293,0.2773203096901206
전기세탁기,291,0.2754273382929184
전기자전거,288,0.2725878811971151
기타간편복,278,0.2631230242111042
카셰어링,276,0.26123005281390194
기타자동차용품,276,0.26123005281390194
중고자동차중개·매매,275,0.2602835671153009
각종자격취득강습,267,0.25271168152649215
음식물처리기대여(렌트),266,0.25176519582789103
기타정보이용서비스,256,0.2423003388418801
전기장판,246,0.23283548185586916
시계,245,0.23188899615726807
고시원이용,237,0.2243171105684593
변호서비스,234,0.22147765347265602
가스보일러,227,0.21485225358244836
음식물처리기,227,0.21485225358244836
통신기기케이스,226,0.21390576788384727
의자,226,0.21390576788384727
셔츠,215,0.20349442519923522
정형외과,213,0.20160145380203306
스포츠시설이용,209,0.19781551100762867
식사배달,208,0.19686902530902756
다이어트식품,207,0.1959225396104265
시스템에어컨,200,0.18929713972021883
자동차주차장,199,0.18835065402161774
한의원,195,0.18456471122721335
애완동·식물용품,192,0.18172525413141008
김치냉장고,191,0.180778768432809
기타서적음반류,190,0.1798322827342079
"OTT서비스(넷플릭스,왓챠 등)",188,0.1779393113370057
태블릿PC,187,0.1769928256384046
골프용품,185,0.17509985424120242
여자용내의류,184,0.17415336854260133
상품권,180,0.17036742574819694
블라우스,178,0.16847445435099476
기타식품류,176,0.16658148295379255
신사화(구두·부츠 등),174,0.16468851155659037
헤어드라이어,172,0.1627955401593882
서랍장,168,0.15900959736498382
기타의료용구,167,0.1580631116663827
기타자동차부품,164,0.15522365457057943
모자,160,0.15143771177617504
영화관람,159,0.15049122607757398
독서실이용,156,0.14765176898177068
안마의자,155,0.1467052832831696
가스에어컨,154,0.1457587975845685
비타민제,152,0.14386582618736632
지갑,151,0.1429193404887652
타이어,150,0.14197285479016414
안경·안경테,150,0.14197285479016414
기타완구·인형,149,0.14102636909156302
기타방문·통신교육서비스,149,0.14102636909156302
기타여행,149,0.14102636909156302
화장품세트,148,0.14007988339296193
컴퓨터수리,148,0.14007988339296193
기타이동통신,147,0.13913339769436084
기타이·미용기구,147,0.13913339769436084
의상대여(렌트),145,0.13724042629715866
기타통신기기,144,0.13629394059855754
기타가사용품,143,0.13534745489995648
버스여객운송서비스,143,0.13534745489995648
기타교육서비스,143,0.13534745489995648
식기세척기,142,0.13440096920135536
정수기,142,0.13440096920135536
이불·요,141,0.13345448350275427
선풍기,141,0.13345448350275427
기타컴퓨터·주변기기,141,0.13345448350275427
국내여행,140,0.13250799780415318
기타책상·테이블류,139,0.1315615121055521
스커트,139,0.1315615121055521
가구세트,137,0.1296685407083499
상해보험,136,0.12872205500974881
애완고양이,136,0.12872205500974881
옷장,134,0.12682908361254663
오토바이,132,0.12493611221534442
전기맛사지기,130,0.12304314081814224
차량용블랙박스,129,0.12209665511954114
컴퓨터모니터(데스크탑),128,0.12115016942094005
기타문화용품,128,0.12115016942094005
기타신변용품,128,0.12115016942094005
전기압력밥솥,128,0.12115016942094005
외국어강습,127,0.12020368372233897
CD·LD·DVD(영화·음악·게임),125,0.11831071232513678
"연회서비스(돌잔치,회갑 등)",123,0.11641774092793458
일반이사운송서비스,123,0.11641774092793458
전문스포츠화(축구화·골프화 등),122,0.11547125522933348
전동킥보드,121,0.11452476953073239
숙녀복상의,119,0.1126317981335302
소프트웨어,118,0.11168531243492912
여관(모텔),117,0.11073882673632801
기타조명기기,115,0.10884585533912582
기타옥외장비·설비,115,0.10884585533912582
커피,114,0.10789936964052474
미분류컨설팅(자문),114,0.10789936964052474
내과,114,0.10789936964052474
여성용내의류,113,0.10695288394192363
텐트,113,0.10695288394192363
기타과일·과일가공식품,111,0.10505991254472144
공기청정기대여(렌트),111,0.10505991254472144
침대·매트리스대여(렌트),109,0.10316694114751927
공중목욕탕,109,0.10316694114751927
수영장회원권,109,0.10316694114751927
스프링매트리스,107,0.10127396975031708
인덕션레인지,107,0.10127396975031708
애완동물기타,106,0.10032748405171597
자동차세차,106,0.10032748405171597
철도여객운송서비스,104,0.09843451265451378
초음파방충기,104,0.09843451265451378
신사복세트,103,0.0974880269559127
기타육류·육류가공식품,103,0.0974880269559127
기타병·의원서비스,101,0.0955950555587105
신용카드,100,0.09464856986010942
싱크대,99,0.09370208416150831
아동복,99,0.09370208416150831
통신기기주변장치,99,0.09370208416150831
경비·관리서비스,98,0.09275559846290722
기타음식관련서비스,96,0.09086262706570504
생활패션화(슬립온·아쿠아슈즈·장화·작업화 등),95,0.08991614136710395
기타조리기기·기구,94,0.08896965566850285
의류수선,93,0.08802316996990175
안마의자대여(렌트),93,0.08802316996990175
가습기,92,0.08707668427130066
기타주방설비,91,0.08613019857269956
CCTV,91,0.08613019857269956
욕실설비,91,0.08613019857269956
인쇄서비스,90,0.08518371287409847
IPTV,88,0.08329074147689627
프린터,88,0.08329074147689627
책장·서가,88,0.08329074147689627
전기의류건조기,88,0.08329074147689627
모형완구,87,0.08234425577829518
오피스텔,87,0.08234425577829518
전자담배,87,0.08234425577829518
산후조리원,87,0.08234425577829518
퍼스널컴퓨터,85,0.080451284381093
기타인터넷기반서비스,85,0.080451284381093
자동차보험,84,0.07950479868249191
사과,82,0.07761182728528972
감귤,81,0.07666534158668863
화장실설비,80,0.07571885588808752
기타공조·냉난방기기,79,0.07477237018948643
해외유학알선,79,0.07477237018948643
전기자동차,78,0.07382588449088534
기타침대류,78,0.07382588449088534
여행용가방,77,0.07287939879228425
종신보험,77,0.07287939879228425
매트,76,0.07193291309368316
비데,76,0.07193291309368316
향수,75,0.07098642739508207
레저·이벤트회원권,74,0.07003994169648096
숙녀복세트,74,0.07003994169648096
일반자전거,74,0.07003994169648096
키보드,73,0.06909345599787987
카메라,73,0.06909345599787987
공기청정기,73,0.06909345599787987
책상,73,0.06909345599787987
기타주거관리설비,72,0.06814697029927877
기타예식관련서비스,71,0.06720048460067768
도배공사,71,0.06720048460067768
자동차주유,71,0.06720048460067768
제습기,71,0.06720048460067768
안과,70,0.06625399890207659
숙녀복하의,70,0.06625399890207659
도어록,70,0.06625399890207659
테니스장스쿼시회원권,70,0.06625399890207659
기타관람·감상,70,0.06625399890207659
등산화,69,0.06530751320347548
신경외과,69,0.06530751320347548
반포장이사운송서비스,69,0.06530751320347548
전자게임기구,69,0.06530751320347548
피혁세탁,68,0.06436102750487441
기타어패류·어패류가공식품,68,0.06436102750487441
기타알선·중개·번역서비스,68,0.06436102750487441
기타민영보험,68,0.06436102750487441
샴푸,67,0.06341454180627332
바닥재·마루공사,67,0.06341454180627332
외과,66,0.06246805610767221
창호유리,65,0.06152157040907112
커피메이커,65,0.06152157040907112
믹서기,65,0.06152157040907112
로봇청소기,64,0.060575084710470024
기타음료,63,0.05962859901186893
컵,63,0.05962859901186893
보청기,63,0.05962859901186893
보조배터리,62,0.058682113313267836
즉석조리식품,62,0.058682113313267836
우유,61,0.05773562761466674
유통시설이용,60,0.05678914191606564
김치,60,0.05678914191606564
국제결혼중개,59,0.05584265621746456
방문교육,59,0.05584265621746456
기타화물운송서비스,59,0.05584265621746456
택시여객운송서비스,58,0.05489617051886346
묘지설비,58,0.05489617051886346
기타보건·위생용품,58,0.05489617051886346
기타수선·염색서비스,58,0.05489617051886346
냄비,58,0.05489617051886346
라텍스매트리스,57,0.05394968482026237
기타영상기기,57,0.05394968482026237
기타주택·건물,57,0.05394968482026237
커튼,57,0.05394968482026237
벨트,56,0.05300319912166127
스포츠관람,56,0.05300319912166127
성기능향상기기,56,0.05300319912166127
이불·침대커버,55,0.052056713423060175
블루투스스피커,55,0.052056713423060175
미분류수리가공,54,0.051110227724459084
쇠고기포장육,54,0.051110227724459084
온라인광고,54,0.051110227724459084
기타약품,53,0.05016374202585799
전기온수장판,53,0.05016374202585799
꽃·화초·화환,52,0.04921725632725689
기타모피·가죽의류,52,0.04921725632725689
모니터,52,0.04921725632725689
케이블TV,52,0.04921725632725689
기타사무용품,52,0.04921725632725689
기타취미용품,52,0.04921725632725689
마우스,52,0.04921725632725689
선글라스,52,0.04921725632725689
교통카드,51,0.0482707706286558
머플러,50,0.04732428493005471
쇠고기,50,0.04732428493005471
기타의자류,50,0.04732428493005471
기타유아용식생활용품,50,0.04732428493005471
부업알선,50,0.04732428493005471
조립완구,49,0.04637779923145361
전기충전기,49,0.04637779923145361
기타건축자재,48,0.04543131353285252
기타가스·급배수설비,48,0.04543131353285252
프라이팬,47,0.04448482783425142
작동완구,47,0.04448482783425142
컴퓨터S/W개발(홈페이지제작),47,0.04448482783425142
전기요,46,0.04353834213565033
빵,46,0.04353834213565033
트레이닝기구,46,0.04353834213565033
미술전시관람,46,0.04353834213565033
기타식생활기기,46,0.04353834213565033
항공화물운송서비스,45,0.042591856437049234
모피·모피의류,45,0.042591856437049234
쌀,45,0.042591856437049234
영양보충용제품,45,0.042591856437049234
기타곡류·곡류가공식품,45,0.042591856437049234
복숭아,45,0.042591856437049234
차량네비게이션(자동항법장치),45,0.042591856437049234
남자용내의류,45,0.042591856437049234
공제보험,44,0.04164537073844814
대리운전,43,0.04069888503984705
베개,43,0.04069888503984705
닭고기포장육,43,0.04069888503984705
응접테이블,43,0.04069888503984705
전기밥솥,43,0.04069888503984705
봉지면,42,0.039752399341245956
케이크,42,0.039752399341245956
유선방송,42,0.039752399341245956
기타위생서비스,42,0.039752399341245956
기타빵·과자류,41,0.03880591364264486
산부인과,41,0.03880591364264486
스팀다리미,41,0.03880591364264486
제조물·생산및영업배상보험,40,0.03785942794404376
남성용내의류,40,0.03785942794404376
메이크업강습,40,0.03785942794404376
합성피혁의류,40,0.03785942794404376
복합기,40,0.03785942794404376
비뇨의학과,39,0.03691294224544267
아동화,39,0.03691294224544267
운전강습,39,0.03691294224544267
화장대,39,0.03691294224544267
마사지류,39,0.03691294224544267
"공유서비스(킥보드, 자전거 등)",39,0.03691294224544267
팬코일(이동식에어컨),38,0.03596645654684158
전기고데기,38,0.03596645654684158
단행본,38,0.03596645654684158
콘도,38,0.03596645654684158
각종쿠폰류(무료통화권포함),37,0.03501997084824048
냉동고,37,0.03501997084824048
아동용내의류,37,0.03501997084824048
액정보호필름,37,0.03501997084824048
의료용구대여(렌트),37,0.03501997084824048
스웨터,37,0.03501997084824048
기타냉장·냉동기기,37,0.03501997084824048
할인회원권,36,0.034073485149639385
TV대,36,0.034073485149639385
도시가스,36,0.034073485149639385
도서·음반대여(렌트),36,0.034073485149639385
의류관리기(스타일러 등),36,0.034073485149639385
세무서비스,36,0.034073485149639385
"공간대여(스터디카페, 회의실 등)",36,0.034073485149639385
장식장,35,0.033126999451038294
전기포트,35,0.033126999451038294
가발,35,0.033126999451038294
섀시설비,35,0.033126999451038294
기타음향기기,35,0.033126999451038294
기타내의류,34,0.032180513752437204
유아복,34,0.032180513752437204
선어(생선),34,0.032180513752437204
기타법률서비스,34,0.032180513752437204
소형승용자동차,34,0.032180513752437204
떡류,34,0.032180513752437204
기타의료서비스,33,0.031234028053836106
하수도위생서비스,33,0.031234028053836106
전집물,33,0.031234028053836106
유산균함유제품,33,0.031234028053836106
기타농업용기계,33,0.031234028053836106
스피커,33,0.031234028053836106
게,33,0.031234028053836106
기타채소·채소가공식품,33,0.031234028053836106
스낵과자,33,0.031234028053836106
카메라부품·용품,32,0.030287542355235012
기타놀이·게임기구,32,0.030287542355235012
전등·전구,32,0.030287542355235012
낚시용품,32,0.030287542355235012
건강침대(흙·돌등),32,0.030287542355235012
소형화물자동차,32,0.030287542355235012
세탁용합성세제,32,0.030287542355235012
메모리,31,0.029341056656633918
중고전자제품매매업,31,0.029341056656633918
기타가사장비품,31,0.029341056656633918
기타재봉·세탁·청소용품,30,0.02839457095803282
신문,30,0.02839457095803282
블라인드,30,0.02839457095803282
가스레인지,30,0.02839457095803282
이비인후과,29,0.02744808525943173
무스탕,29,0.02744808525943173
영양크림류,29,0.02744808525943173
기타정보통신,29,0.02744808525943173
가운·잠옷류,28,0.026501599560830636
전기오븐,28,0.026501599560830636
자동차리스,28,0.026501599560830636
학생용가방,28,0.026501599560830636
선박여객운송서비스,28,0.026501599560830636
"격투기(주짓수, 권투 등)",28,0.026501599560830636
동물병원,27,0.025555113862229542
축전지,27,0.025555113862229542
기타가사서비스,27,0.025555113862229542
노트·수첩·앨범등,26,0.024608628163628445
보온병,26,0.024608628163628445
애완동물이·미용서비스,26,0.024608628163628445
법무서비스,26,0.024608628163628445
연금보험,26,0.024608628163628445
기타부엌소모품,25,0.023662142465027354
컴퓨터및주변기기대여(렌트),25,0.023662142465027354
메인보드,25,0.023662142465027354
외장하드,25,0.023662142465027354
부동산중개,25,0.023662142465027354
아이스크림,25,0.023662142465027354
수도꼭지,25,0.023662142465027354
응급의학과,25,0.023662142465027354
타올,25,0.023662142465027354
기타침구류,25,0.023662142465027354
전기오븐레인지,25,0.023662142465027354
고구마,25,0.023662142465027354
"배달음식(치킨, 보쌈 등)",25,0.023662142465027354
"네일(샵, 케어)",25,0.023662142465027354
온풍기,24,0.02271565676642626
공업용기계,24,0.02271565676642626
레포츠장비대여(렌트),24,0.02271565676642626
전자레인지,24,0.02271565676642626
기타자전거용품,24,0.02271565676642626
하드디스크드라이버,24,0.02271565676642626
홍삼제품,24,0.02271565676642626
기타식탁용품,24,0.02271565676642626
비디오카메라,24,0.02271565676642626
운명감정서비스,24,0.02271565676642626
배추,24,0.02271565676642626
벽지·바닥재,23,0.021769171067825166
기타부동산임대차,23,0.021769171067825166
연수기대여(렌트),23,0.021769171067825166
전기면도기,23,0.021769171067825166
전기온수기,23,0.021769171067825166
화재보험,23,0.021769171067825166
신사복상의,23,0.021769171067825166
염색제,23,0.021769171067825166
선박화물운송서비스,22,0.02082268536922407
레인지후드,22,0.02082268536922407
휴대폰(2G),22,0.02082268536922407
기타교재,22,0.02082268536922407
프린터잉크,22,0.02082268536922407
전산강습,22,0.02082268536922407
자격증교재,22,0.02082268536922407
묘목·모종,22,0.02082268536922407
피아노,22,0.02082268536922407
가축사료,22,0.02082268536922407
도어,22,0.02082268536922407
용달화물서비스,21,0.019876199670622978
통합보장보험,21,0.019876199670622978
기름보일러,21,0.019876199670622978
사무용가방,21,0.019876199670622978
페인트,21,0.019876199670622978
필기용구,21,0.019876199670622978
대학·대학원,21,0.019876199670622978
그래픽카드,21,0.019876199670622978
선탠·선스크린화장품,21,0.019876199670622978
돼지고기,21,0.019876199670622978
소개팅서비스,21,0.019876199670622978
스노우체인,20,0.01892971397202188
기타악기·용품,20,0.01892971397202188
경승용차,20,0.01892971397202188
장의관련서비스,20,0.01892971397202188
가상화폐,19,0.01798322827342079
유아용교재,19,0.01798322827342079
기타목욕서비스,19,0.01798322827342079
기타가정용공구,19,0.01798322827342079
국외캠프,19,0.01798322827342079
기타투자상품,19,0.01798322827342079
기타장류,19,0.01798322827342079
공중파방송,19,0.01798322827342079
그릇세트,19,0.01798322827342079
운동용가방,19,0.01798322827342079
액자,19,0.01798322827342079
방향제,19,0.01798322827342079
쓰레기통,19,0.01798322827342079
거울,18,0.017036742574819692
LED램프,18,0.017036742574819692
취업·이민알선,18,0.017036742574819692
사기그릇,18,0.017036742574819692
천연피혁의류,18,0.017036742574819692
기타세트가구류,18,0.017036742574819692
유모차,18,0.017036742574819692
유리·크리스탈그릇,17,0.016090256876218602
애완식물(화분·분재),17,0.016090256876218602
굴,17,0.016090256876218602
밥솥,17,0.016090256876218602
전기팬히터,17,0.016090256876218602
선반침대,17,0.016090256876218602
녹화음반테이프(비디오카세트LP),17,0.016090256876218602
보증보험,17,0.016090256876218602
가사도우미,17,0.016090256876218602
기타위생설비,17,0.016090256876218602
어패류젓갈,17,0.016090256876218602
우산,17,0.016090256876218602
시계부품·용품,17,0.016090256876218602
기타(악기guitar),17,0.016090256876218602
민간자격(능력)시험,17,0.016090256876218602
옷걸이,17,0.016090256876218602
장난감총,17,0.016090256876218602
위성방송,16,0.015143771177617506
영어자격(능력)시험,16,0.015143771177617506
노인복지,16,0.015143771177617506
신사복하의,16,0.015143771177617506
기타주류,16,0.015143771177617506
초콜릿,16,0.015143771177617506
토마토,16,0.015143771177617506
무선인터넷,16,0.015143771177617506
기타아동복,16,0.015143771177617506
마이크,16,0.015143771177617506
감자,16,0.015143771177617506
전지,16,0.015143771177617506
면도기,16,0.015143771177617506
기저귀,16,0.015143771177617506
여자용한복,16,0.015143771177617506
스마트워치,16,0.015143771177617506
기타세정제·탈취제,15,0.01419728547901641
타일,15,0.01419728547901641
영업용기계,15,0.01419728547901641
이유식,15,0.01419728547901641
USB,15,0.01419728547901641
한복세탁,15,0.01419728547901641
기타시계류,15,0.01419728547901641
전기,14,0.013250799780415318
전기스탠드,14,0.013250799780415318
소독기,14,0.013250799780415318
전화교육,14,0.013250799780415318
립스틱,14,0.013250799780415318
기타금융상품,14,0.013250799780415318
마스크,14,0.013250799780415318
흉부외과,14,0.013250799780415318
자격시험기타,14,0.013250799780415318
맥주,14,0.013250799780415318
신변용품·악세서리대여(렌트),14,0.013250799780415318
그림,14,0.013250799780415318
어린이용한복,14,0.013250799780415318
돼지고기포장육,14,0.013250799780415318
주방세트,14,0.013250799780415318
기타행정서비스,14,0.013250799780415318
달걀,14,0.013250799780415318
악기용품,14,0.013250799780415318
분유,14,0.013250799780415318
가구리폼·수리,14,0.013250799780415318
도색공사,14,0.013250799780415318
대문,14,0.013250799780415318
인터넷TV,14,0.013250799780415318
캠핑장,14,0.013250799780415318
휠체어,13,0.012304314081814222
화장지(휴지),13,0.012304314081814222
중형승합자동차,13,0.012304314081814222
쌀통,13,0.012304314081814222
콘택트렌즈·용품,13,0.012304314081814222
해외연수알선,13,0.012304314081814222
기타전기·승강설비,13,0.012304314081814222
기타보관서비스,13,0.012304314081814222
전화이용서비스,13,0.012304314081814222
인터넷공유기,13,0.012304314081814222
기타유아용승용물,13,0.012304314081814222
공구세트,13,0.012304314081814222
플라스틱그릇,13,0.012304314081814222
신용카드조회기,13,0.012304314081814222
재활의학과,13,0.012304314081814222
먹는샘물,13,0.012304314081814222
참외,13,0.012304314081814222
제초기,13,0.012304314081814222
옥수수,13,0.012304314081814222
수동청소기,13,0.012304314081814222
위스키,12,0.01135782838321313
딸기,12,0.01135782838321313
방습제,12,0.01135782838321313
세탁물건조용품,12,0.01135782838321313
물안경,12,0.01135782838321313
기타농업시설자재,12,0.01135782838321313
탈모제,12,0.01135782838321313
소스,12,0.01135782838321313
닭고기,12,0.01135782838321313
마취통증의학과,12,0.01135782838321313
압력솥,12,0.01135782838321313
조개,12,0.01135782838321313
기타공조·냉난방설비,12,0.01135782838321313
치약,12,0.01135782838321313
헤어크림,12,0.01135782838321313
국가자격(능력)시험,12,0.01135782838321313
세면설비,12,0.01135782838321313
환풍기,12,0.01135782838321313
혼합견과류,12,0.01135782838321313
연극관람,12,0.01135782838321313
포도,12,0.01135782838321313
자동차견인,12,0.01135782838321313
기타승용물,12,0.01135782838321313
기타사진용품,12,0.01135782838321313
탁자,11,0.010411342684612034
박스(포장용),11,0.010411342684612034
사무용기기대여(렌트),11,0.010411342684612034
상가·오피스텔임대차,11,0.010411342684612034
임대아파트,11,0.010411342684612034
전동칫솔,11,0.010411342684612034
퀵서비스,11,0.010411342684612034
김,11,0.010411342684612034
잡지,11,0.010411342684612034
보건위생용품기타,11,0.010411342684612034
콜라,11,0.010411342684612034
단독·다가구주택,11,0.010411342684612034
인터넷전화,11,0.010411342684612034
냉난방시스템,11,0.010411342684612034
기타조미식품,11,0.010411342684612034
기타방송서비스,11,0.010411342684612034
우물펌프,11,0.010411342684612034
바디클렌저,11,0.010411342684612034
송이버섯,11,0.010411342684612034
국내캠프,10,0.00946485698601094
칫솔,10,0.00946485698601094
와이퍼,10,0.00946485698601094
기타카드,10,0.00946485698601094
스키용품,10,0.00946485698601094
다목적승용차,10,0.00946485698601094
부엌용합성세제,10,0.00946485698601094
투자자문(컨설팅),10,0.00946485698601094
주거용접착제,10,0.00946485698601094
전기구강세정기,10,0.00946485698601094
CPU,10,0.00946485698601094
기타전문서비스,10,0.00946485698601094
카펫,10,0.00946485698601094
기타여객운송서비스,10,0.00946485698601094
소파베드,10,0.00946485698601094
피자,10,0.00946485698601094
교복,10,0.00946485698601094
어학교재,10,0.00946485698601094
기타사무용기기,10,0.00946485698601094
오븐류,10,0.00946485698601094
기타전기,10,0.00946485698601094
승강설비,10,0.00946485698601094
가정의학과,9,0.008518371287409846
변액보험,9,0.008518371287409846
민박기타,9,0.008518371287409846
화목보일러,9,0.008518371287409846
수리공구,9,0.008518371287409846
저축성보험,9,0.008518371287409846
오징어,9,0.008518371287409846
공부방이용,9,0.008518371287409846
전기프라이팬,9,0.008518371287409846
테니스용품,9,0.008518371287409846
치즈,9,0.008518371287409846
사다리,9,0.008518371287409846
톱,9,0.008518371287409846
유아용카시트(안전의자),9,0.008518371287409846
기타자전거,9,0.008518371287409846
기타묘목·모종·종자,9,0.008518371287409846
수박,9,0.008518371287409846
소금,9,0.008518371287409846
주전자,9,0.008518371287409846
어린이자전거,9,0.008518371287409846
중고거래(온라인 플랫폼 등),9,0.008518371287409846
한방진료,8,0.007571885588808753
공예품,8,0.007571885588808753
전기보온밥솥,8,0.007571885588808753
태양열온수기,8,0.007571885588808753
기타보온·보냉기기,8,0.007571885588808753
소파커버,8,0.007571885588808753
물티슈(휴지),8,0.007571885588808753
그라인더,8,0.007571885588808753
전동휠,8,0.007571885588808753
배,8,0.007571885588808753
소시지,8,0.007571885588808753
비치파라솔,8,0.007571885588808753
국내전화,8,0.007571885588808753
벌꿀,8,0.007571885588808753
전기스위치,8,0.007571885588808753
팩류,8,0.007571885588808753
현상·인화,8,0.007571885588808753
전기어댑터,8,0.007571885588808753
라이트,8,0.007571885588808753
오디오세트,8,0.007571885588808753
기타관리서비스,8,0.007571885588808753
화장비누,8,0.007571885588808753
기타방재·방범설비,8,0.007571885588808753
창고보관서비스,8,0.007571885588808753
여행자보험,8,0.007571885588808753
주스,8,0.007571885588808753
전기담요,8,0.007571885588808753
양말(스타킹),8,0.007571885588808753
에어프라이어,8,0.007571885588808753
볼링용품,7,0.006625399890207659
기타신사복세트,7,0.006625399890207659
CD플레이어,7,0.006625399890207659
휠,7,0.006625399890207659
비디오폰,7,0.006625399890207659
수저,7,0.006625399890207659
전기칼·칼갈이,7,0.006625399890207659
재봉틀,7,0.006625399890207659
LED마스크,7,0.006625399890207659
나이프·포크,7,0.006625399890207659
당근,7,0.006625399890207659
무선전화기,7,0.006625399890207659
농업용비닐,7,0.006625399890207659
앰프,7,0.006625399890207659
기타유란류·유란류가공식품,7,0.006625399890207659
여성용한복,7,0.006625399890207659
파운데이션,7,0.006625399890207659
금속그릇,7,0.006625399890207659
체크카드,7,0.006625399890207659
새우,7,0.006625399890207659
콘센트,7,0.006625399890207659
버너,7,0.006625399890207659
담배,7,0.006625399890207659
신경과,7,0.006625399890207659
현물(금기타),7,0.006625399890207659
보트,7,0.006625399890207659
연립주택,7,0.006625399890207659
감,7,0.006625399890207659
곶감,7,0.006625399890207659
콩류,7,0.006625399890207659
기프트카드(선불카드),7,0.006625399890207659
어항,6,0.005678914191606565
자기매트리스,6,0.005678914191606565
외피용약,6,0.005678914191606565
손소독제(손세정제),6,0.005678914191606565
농업용트랙터,6,0.005678914191606565
오존살균기,6,0.005678914191606565
전기보일러,6,0.005678914191606565
약국,6,0.005678914191606565
특수자동차,6,0.005678914191606565
복권,6,0.005678914191606565
기타승용차,6,0.005678914191606565
복식재료(단추·지퍼등),6,0.005678914191606565
메모리폼,6,0.005678914191606565
저주파치료기,6,0.005678914191606565
건물관리서비스,6,0.005678914191606565
회화·공예용품,6,0.005678914191606565
방범경보장치,6,0.005678914191606565
프로판가스·용기,6,0.005678914191606565
킥보드,6,0.005678914191606565
이용서비스,6,0.005678914191606565
방석,6,0.005678914191606565
총기,6,0.005678914191606565
고추,6,0.005678914191606565
농산물건조기,6,0.005678914191606565
(결측),6,0.005678914191606565
기타관혼상제,6,0.005678914191606565
이불장,6,0.005678914191606565
고급세탁서비스,6,0.005678914191606565
스쿠터,6,0.005678914191606565
유아용피복품,5,0.00473242849300547
물호스,5,0.00473242849300547
자동차검사,5,0.00473242849300547
배낭,5,0.00473242849300547
가위,5,0.00473242849300547
기타한복관련용품,5,0.00473242849300547
욕실용세정제,5,0.00473242849300547
햄,5,0.00473242849300547
원화예·적금,5,0.00473242849300547
동물약품,5,0.00473242849300547
온천탕,5,0.00473242849300547
카페트청소기,5,0.00473242849300547
요구르트,5,0.00473242849300547
전세자동차운송서비스,5,0.00473242849300547
영상게임기,5,0.00473242849300547
정신건강의학과,5,0.00473242849300547
기타옷감·실,5,0.00473242849300547
모기향,5,0.00473242849300547
보관함보관서비스,5,0.00473242849300547
셀카봉,5,0.00473242849300547
복사기,5,0.00473242849300547
폐차·구조변경등기타,5,0.00473242849300547
밤,5,0.00473242849300547
마늘,5,0.00473242849300547
소화기,5,0.00473242849300547
기타유사보험,5,0.00473242849300547
이온수기,5,0.00473242849300547
PDA단말기,5,0.00473242849300547
연수기,5,0.00473242849300547
굴비,5,0.00473242849300547
번역·통역서비스,5,0.00473242849300547
기타해조류·해조류가공식품,5,0.00473242849300547
테이프레코더(녹음),5,0.00473242849300547
보온도시락,5,0.00473242849300547
양복지,5,0.00473242849300547
캔디,5,0.00473242849300547
라이터,5,0.00473242849300547
커피세트,4,0.0037859427944043765
기타투자자문컨설팅·상품,4,0.0037859427944043765
망원경,4,0.0037859427944043765
벤치,4,0.0037859427944043765
유치원,4,0.0037859427944043765
전기카페트,4,0.0037859427944043765
홈오토메이션기기,4,0.0037859427944043765
바나나,4,0.0037859427944043765
진단검사의학과,4,0.0037859427944043765
유선전화기,4,0.0037859427944043765
천마제품,4,0.0037859427944043765
바이올린,4,0.0037859427944043765
스캐너,4,0.0037859427944043765
방송광고,4,0.0037859427944043765
벽돌,4,0.0037859427944043765
자동판매기,4,0.0037859427944043765
자전거타이어,4,0.0037859427944043765
스포츠음료,4,0.0037859427944043765
기타대출,4,0.0037859427944043765
미용화장지(휴지),4,0.0037859427944043765
식기건조기,4,0.0037859427944043765
만두피,4,0.0037859427944043765
흥신소,4,0.0037859427944043765
브레이크,4,0.0037859427944043765
마른오징어,4,0.0037859427944043765
농기계수리업,4,0.0037859427944043765
물품가격·지수·품질표시,4,0.0037859427944043765
마른멸치,4,0.0037859427944043765
신발장,4,0.0037859427944043765
국수,4,0.0037859427944043765
비닐테이프,4,0.0037859427944043765
문어,4,0.0037859427944043765
오일류,4,0.0037859427944043765
동력예취기,4,0.0037859427944043765
절단기,4,0.0037859427944043765
다세대주택,4,0.0037859427944043765
주식,4,0.0037859427944043765
스파게티,4,0.0037859427944043765
발모제,4,0.0037859427944043765
기타가스류,4,0.0037859427944043765
냉면,4,0.0037859427944043765
호박,4,0.0037859427944043765
마케팅,4,0.0037859427944043765
영양오일류,3,0.0028394570958032825
코펠,3,0.0028394570958032825
가스스토브,3,0.0028394570958032825
기타한방서비스,3,0.0028394570958032825
사이다,3,0.0028394570958032825
넥타이,3,0.0028394570958032825
형광등,3,0.0028394570958032825
양파,3,0.0028394570958032825
체중계,3,0.0028394570958032825
드라이버,3,0.0028394570958032825
법률(행정),3,0.0028394570958032825
식물추출물발효제품,3,0.0028394570958032825
식초,3,0.0028394570958032825
인터폰,3,0.0028394570958032825
남성용한복,3,0.0028394570958032825
비료,3,0.0028394570958032825
가옥임대차,3,0.0028394570958032825
버터,3,0.0028394570958032825
남자용한복,3,0.0028394570958032825
전기다리미,3,0.0028394570958032825
기타식용종자·식용버섯류,3,0.0028394570958032825
녹즙기,3,0.0028394570958032825
잼,3,0.0028394570958032825
농축과즙,3,0.0028394570958032825
저울,3,0.0028394570958032825
장난감꽃불,3,0.0028394570958032825
기타복지서비스,3,0.0028394570958032825
생리용품,3,0.0028394570958032825
완구·인형대여(렌트),3,0.0028394570958032825
단체보장보험,3,0.0028394570958032825
껌,3,0.0028394570958032825
동력살분무기,3,0.0028394570958032825
용기면,3,0.0028394570958032825
헤어린스,3,0.0028394570958032825
혈압계,3,0.0028394570958032825
밥통,3,0.0028394570958032825
전기배선,3,0.0028394570958032825
원격시동경보기,3,0.0028394570958032825
홍차,3,0.0028394570958032825
의족,3,0.0028394570958032825
화재경보장치,3,0.0028394570958032825
화장수류,3,0.0028394570958032825
보리,3,0.0028394570958032825
앞치마,3,0.0028394570958032825
택지설비,3,0.0028394570958032825
발코니확장공사,3,0.0028394570958032825
헤어스프레이,3,0.0028394570958032825
전원코드,3,0.0028394570958032825
커튼레일,3,0.0028394570958032825
간장,3,0.0028394570958032825
효소함유제품,3,0.0028394570958032825
자료문의,3,0.0028394570958032825
외화예·적금,3,0.0028394570958032825
파이,3,0.0028394570958032825
어린이용화장품,3,0.0028394570958032825
가스온수기,3,0.0028394570958032825
쟁반,3,0.0028394570958032825
온도계,3,0.0028394570958032825
호두,3,0.0028394570958032825
워드프로세서,3,0.0028394570958032825
석유스토브,3,0.0028394570958032825
부당채권추심,3,0.0028394570958032825
전자수첩,3,0.0028394570958032825
화장실용세정제,3,0.0028394570958032825
땅콩,3,0.0028394570958032825
세안류,3,0.0028394570958032825
직업안내,3,0.0028394570958032825
매실추출물제품,3,0.0028394570958032825
무선호출기,3,0.0028394570958032825
라디오,3,0.0028394570958032825
영양강장제,3,0.0028394570958032825
뮤코다당·단백제품,3,0.0028394570958032825
기타시력보조기구,3,0.0028394570958032825
복사서비스,3,0.0028394570958032825
파마약,3,0.0028394570958032825
건강검진,3,0.0028394570958032825
이불세탁서비스,3,0.0028394570958032825
무,3,0.0028394570958032825
합판,2,0.0018929713972021883
승용겸화물자동차,2,0.0018929713972021883
소아청소년과,2,0.0018929713972021883
어묵,2,0.0018929713972021883
안약,2,0.0018929713972021883
찬장,2,0.0018929713972021883
공공시설,2,0.0018929713972021883
자물쇠,2,0.0018929713972021883
전기스토브,2,0.0018929713972021883
도어체크,2,0.0018929713972021883
토스터기,2,0.0018929713972021883
휴대용가스레인지,2,0.0018929713972021883
커터기,2,0.0018929713972021883
화분(꽃가루)제품,2,0.0018929713972021883
가스누설경보기,2,0.0018929713972021883
카오디오·스테레오,2,0.0018929713972021883
오이,2,0.0018929713972021883
부동산담보대출,2,0.0018929713972021883
야구용품,2,0.0018929713972021883
탁주,2,0.0018929713972021883
기타신용대출,2,0.0018929713972021883
공병,2,0.0018929713972021883
마스카라,2,0.0018929713972021883
찬류,2,0.0018929713972021883
홈씨어터시스템,2,0.0018929713972021883
연료절감기,2,0.0018929713972021883
쪽매마루판,2,0.0018929713972021883
전자사전,2,0.0018929713972021883
성게,2,0.0018929713972021883
돗자리,2,0.0018929713972021883
실,2,0.0018929713972021883
관세서비스,2,0.0018929713972021883
예금·보험담보대출,2,0.0018929713972021883
미숫가루,2,0.0018929713972021883
펀드,2,0.0018929713972021883
언어(능력)자격시험기타,2,0.0018929713972021883
애완곤충,2,0.0018929713972021883
단무지,2,0.0018929713972021883
콩기름,2,0.0018929713972021883
메이크업베이스,2,0.0018929713972021883
필터류,2,0.0018929713972021883
체온계,2,0.0018929713972021883
전기냄비,2,0.0018929713972021883
우유병,2,0.0018929713972021883
구명장비·소방설비,2,0.0018929713972021883
레코드플레이어(재생),2,0.0018929713972021883
라디에이터,2,0.0018929713972021883
종자,2,0.0018929713972021883
대리점계약,2,0.0018929713972021883
로열젤리제품,2,0.0018929713972021883
의류염색,2,0.0018929713972021883
헤어브러시,2,0.0018929713972021883
가스팬히터,2,0.0018929713972021883
전기곤로,2,0.0018929713972021883
칸막이용커튼,2,0.0018929713972021883
DVD플레이어,2,0.0018929713972021883
위성방송수신세트,2,0.0018929713972021883
손수건,2,0.0018929713972021883
살충제,2,0.0018929713972021883
도라지,2,0.0018929713972021883
자기목걸이,2,0.0018929713972021883
가전제품(할부금융),2,0.0018929713972021883
튀김기,2,0.0018929713972021883
기타특수자동차·중장비,2,0.0018929713972021883
어업용기구,2,0.0018929713972021883
기타농약,2,0.0018929713972021883
탈취제,2,0.0018929713972021883
경대,2,0.0018929713972021883
가스오븐,2,0.0018929713972021883
전당포,2,0.0018929713972021883
도어클로우저,2,0.0018929713972021883
밀가루,2,0.0018929713972021883
농업용호스,2,0.0018929713972021883
옥타코사놀함유제품,2,0.0018929713972021883
비누통,2,0.0018929713972021883
(구)기타이륜자동차,2,0.0018929713972021883
대부(사채)업체대출,2,0.0018929713972021883
감정서비스,2,0.0018929713972021883
노인복지(요양원),2,0.0018929713972021883
공조시스템,2,0.0018929713972021883
에어졸살충제,2,0.0018929713972021883
고추장,2,0.0018929713972021883
배관재료,2,0.0018929713972021883
탈수기,2,0.0018929713972021883
채권,2,0.0018929713972021883
보건위생용품세트,2,0.0018929713972021883
고춧가루,2,0.0018929713972021883
요양병원,2,0.0018929713972021883
신문광고,1,0.0009464856986010941
농지·산림설비,1,0.0009464856986010941
바늘,1,0.0009464856986010941
쌍꺼풀용기구,1,0.0009464856986010941
학위취득용교재,1,0.0009464856986010941
피임용품,1,0.0009464856986010941
병리과,1,0.0009464856986010941
분무기,1,0.0009464856986010941
변리서비스,1,0.0009464856986010941
모뎀,1,0.0009464856986010941
브랜디,1,0.0009464856986010941
변압기,1,0.0009464856986010941
세면용구유니트,1,0.0009464856986010941
아이섀도,1,0.0009464856986010941
하우스용철골,1,0.0009464856986010941
담장,1,0.0009464856986010941
기타축산자재·용품,1,0.0009464856986010941
중형화물자동차,1,0.0009464856986010941
케첩,1,0.0009464856986010941
썬루프,1,0.0009464856986010941
방사선종양학과,1,0.0009464856986010941
사운드카드,1,0.0009464856986010941
가스호스,1,0.0009464856986010941
당면,1,0.0009464856986010941
침실세트,1,0.0009464856986010941
보행기,1,0.0009464856986010941
보안기,1,0.0009464856986010941
한약,1,0.0009464856986010941
피임약,1,0.0009464856986010941
표백제,1,0.0009464856986010941
기타연료,1,0.0009464856986010941
이앙기,1,0.0009464856986010941
샹들리에,1,0.0009464856986010941
탈곡기,1,0.0009464856986010941
냉수통,1,0.0009464856986010941
정원수,1,0.0009464856986010941
어선용기계·장치,1,0.0009464856986010941
미역,1,0.0009464856986010941
상,1,0.0009464856986010941
소형무전기,1,0.0009464856986010941
소주,1,0.0009464856986010941
마가린,1,0.0009464856986010941
교통,1,0.0009464856986010941
손톱깎이,1,0.0009464856986010941
전화카드,1,0.0009464856986010941
어육소시지,1,0.0009464856986010941
소화제,1,0.0009464856986010941
환자식,1,0.0009464856986010941
매니큐어,1,0.0009464856986010941
김치통,1,0.0009464856986010941
그네,1,0.0009464856986010941
특수승합자동차,1,0.0009464856986010941
생강,1,0.0009464856986010941
베이컨,1,0.0009464856986010941
항공기,1,0.0009464856986010941
가축,1,0.0009464856986010941
기타급탕시스템,1,0.0009464856986010941
가정용이발기구,1,0.0009464856986010941
착유기,1,0.0009464856986010941
동력경운기,1,0.0009464856986010941
효모제품,1,0.0009464856986010941
낙지,1,0.0009464856986010941
피난용구,1,0.0009464856986010941
국제전화,1,0.0009464856986010941
인터넷전화기,1,0.0009464856986010941
어포(생선포),1,0.0009464856986010941
소독살균제,1,0.0009464856986010941
기타승합자동차,1,0.0009464856986010941
휘발유,1,0.0009464856986010941
문갑,1,0.0009464856986010941
파인애플,1,0.0009464856986010941
인삼제품,1,0.0009464856986010941
초·중·고등학교,1,0.0009464856986010941
세무,1,0.0009464856986010941
찜통,1,0.0009464856986010941
인공감미료,1,0.0009464856986010941
휴지걸이,1,0.0009464856986010941
포도씨유제품,1,0.0009464856986010941
도정기,1,0.0009464856986010941
등유,1,0.0009464856986010941
건포도,1,0.0009464856986010941
공동주택관리서비스,1,0.0009464856986010941
주택자금대출,1,0.0009464856986010941
석유곤로,1,0.0009464856986010941
기타예·적금,1,0.0009464856986010941
입욕제,1,0.0009464856986010941
베이킹파우더,1,0.0009464856986010941
상추,1,0.0009464856986010941
장작,1,0.0009464856986010941
면도용크림,1,0.0009464856986010941
세정제,1,0.0009464856986010941
미끄럼틀,1,0.0009464856986010941
대형승합자동차,1,0.0009464856986010941
멍게,1,0.0009464856986010941
원석,1,0.0009464856986010941
비스킷,1,0.0009464856986010941
테이블커버,1,0.0009464856986010941
플로어힌지(경첩),1,0.0009464856986010941
조림식품,1,0.0009464856986010941
생수,1,0.0009464856986010941
넥타이핀·커프스단추,1,0.0009464856986010941
CD·DVD롬드라이버,1,0.0009464856986010941
토지임대차,1,0.0009464856986010941
감기약,1,0.0009464856986010941
카에어컨,1,0.0009464856986010941
중고거래(오프라인 매장),1,0.0009464856986010941
부탄가스·용기,1,0.0009464856986010941
영상의학과,1,0.0009464856986010941
기타상품,1,0.0009464856986010941
비디오카드,1,0.0009464856986010941
VTR,1,0.0009464856986010941
뱀장어유제품,1,0.0009464856986010941
의치용품,1,0.0009464856986010941
참기름,1,0.0009464856986010941
국내연수알선,1,0.0009464856986010941
기타토지설비,1,0.0009464856986010941
버섯제품,1,0.0009464856986010941
호일(알루미늄포일),1,0.0009464856986010941
우편,1,0.0009464856986010941
감정평가서비스,1,0.0009464856986010941
서예용품,1,0.0009464856986010941
