물품소분류,(결측),AS불만,가격.요금,거래관행,계약불이행(불완전이행),계약해제.해지/위약금,단순문의.상담,무능력자계약,법.제도,부당채권추심,부당행위,안전(제품/시설),약관,이자.수수료,청약철회,표시.광고,품질(물품/용역)
헬스장,0.0,0.09089531889107712,0.09089531889107712,0.01514921981517952,5.2264808362369335,90.94076655052264,0.03029843963035904,0.04544765944553856,0.0,0.10604453870625664,0.6817148916830783,0.28783517648841084,0.12119375852143616,0.09089531889107712,1.7724587183760034,0.03029843963035904,0.46962581427056505
항공여객운송서비스,0.0,0.353440150801131,2.191328934967012,0.824693685202639,28.605089538171534,35.90951932139491,0.1649387370405278,0.0235626767200754,0.11781338360037699,0.0706880301602262,5.725730442978323,0.3770028275212064,0.3063147973609802,0.9189443920829407,19.627709707822806,1.1545711592836947,3.628652214891612
필라테스,0.0,0.0,0.0,0.048426150121065374,11.912832929782082,84.7457627118644,0.048426150121065374,0.0,0.0,0.048426150121065374,0.6779661016949152,0.5811138014527845,0.048426150121065374,0.0,1.549636803874092,0.0,0.3389830508474576
양복(서양식 의복)세탁,0.0,0.5741127348643006,0.10438413361169101,0.052192066805845504,4.175365344467641,0.15657620041753653,0.052192066805845504,0.0,0.0,0.0,0.6263048016701461,0.052192066805845504,0.0,0.0,0.46972860125260957,0.0,93.73695198329854
인터넷교육서비스,0.21482277121374865,0.4833512352309345,0.21482277121374865,0.322234156820623,14.500537056928033,68.90440386680989,0.10741138560687433,0.21482277121374865,0.05370569280343716,0.26852846401718583,3.9742212674543502,0.0,0.7518796992481203,0.05370569280343716,6.9280343716433945,1.288936627282492,1.7185821697099892
국외여행,0.05611672278338946,0.6734006734006733,1.964085297418631,0.8978675645342313,26.65544332210999,47.08193041526375,0.28058361391694725,0.05611672278338946,0.0,0.16835016835016833,4.09652076318743,1.5712682379349048,0.11223344556677892,0.3928170594837262,6.341189674523008,1.5151515151515151,8.136924803591471
이동전화서비스,0.0,0.688360450563204,9.949937421777221,2.5657071339173965,29.09887359198999,15.269086357947433,0.1251564455569462,0.18773466833541927,0.1251564455569462,1.5018773466833542,14.392991239048811,0.0625782227784731,2.3779724655819776,0.0625782227784731,14.205256570713393,1.2515644555694618,8.1351689612015
점퍼·재킷류,0.0,0.8274984086569064,0.06365372374283895,0.2546148949713558,7.956715467854869,1.9732654360280075,0.1273074474856779,0.0,0.0,0.06365372374283895,1.464035646085296,0.06365372374283895,0.0,0.0,28.962444302991724,1.5276893698281349,56.71546785486951
기타숙박시설,0.33602150537634407,0.06720430107526883,1.6801075268817203,1.0080645161290323,13.172043010752688,48.31989247311828,0.06720430107526883,0.06720430107526883,0.20161290322580644,0.0,4.973118279569892,1.2768817204301075,0.33602150537634407,0.9408602150537635,19.287634408602152,2.889784946236559,5.376344086021505
호텔,0.2018842530282638,0.06729475100942127,2.355316285329744,0.3364737550471063,13.458950201884253,43.06864064602961,0.2691790040376851,0.06729475100942127,0.13458950201884254,0.13458950201884254,5.450874831763122,1.7496635262449527,0.47106325706594887,0.3364737550471063,22.139973082099594,4.172274562584119,5.585464333781965
